[
  {
    "model": "Quiz.quiz",
    "pk": 1,
    "fields": {
      "name": "Level Assessment Quiz",
      "num_of_questions": 18,
      "score_to_pass": 67
    }
  },
  {
    "model": "Quiz.quiz",
    "pk": 2,
    "fields": {
      "name": "Port Scanner Quiz",
      "num_of_questions": 10,
      "score_to_pass": 67
    }
  },
  {
    "model": "Quiz.question",
    "pk": 1,
    "fields": {
      "num": 1,
      "total": 18,
      "content": "1. Define Cybersecurity",
      "level": "Beginner",
      "quiz": 1
    }
  },
  {
    "model": "Quiz.question",
    "pk": 2,
    "fields": {
      "num": 2,
      "total": 18,
      "content": "2. Who is the founding father of computer security?",
      "level": "Beginner",
      "quiz": 1
    }
  },
  {
    "model": "Quiz.question",
    "pk": 3,
    "fields": {
      "num": 3,
      "total": 18,
      "content": "3. Which of the subsequent may be a sort of cyber security?",
      "level": "Beginner",
      "quiz": 1
    }
  },
  {
    "model": "Quiz.question",
    "pk": 4,
    "fields": {
      "num": 4,
      "total": 18,
      "content": "4. Which of the subsequent is an objective of network security",
      "level": "Beginner",
      "quiz": 1
    }
  },
  {
    "model": "Quiz.question",
    "pk": 5,
    "fields": {
      "num": 5,
      "total": 18,
      "content": "5. Which of the subsequent could be a component of cyber security?",
      "level": "Beginner",
      "quiz": 1
    }
  },
  {
    "model": "Quiz.question",
    "pk": 6,
    "fields": {
      "num": 6,
      "total": 18,
      "content": "6. Which of the subsequent could be a kind of cyber attack?",
      "level": "Beginner",
      "quiz": 1
    }
  },
  {
    "model": "Quiz.question",
    "pk": 7,
    "fields": {
      "num": 7,
      "total": 18,
      "content": "7. Which of the subsequent is the hacking approach where cyber-criminals design fake websites or pages for tricking or gaining additional traffic?",
      "level": "Beginner",
      "quiz": 1
    }
  },
  {
    "model": "Quiz.question",
    "pk": 8,
    "fields": {
      "num": 8,
      "total": 18,
      "content": "8. A cyber-criminal or penetration tester uses the extra data that stores certain special instructions within the memory for activities to interrupt the system during which of the subsequent attack?",
      "level": "Intermediate",
      "quiz": 1
    }
  },
  {
    "model": "Quiz.question",
    "pk": 9,
    "fields": {
      "num": 9,
      "total": 18,
      "content": "9. Which of the subsequent is defined as an effort to harm, damage or cause threat to a system or network?",
      "level": "Intermediate",
      "quiz": 1
    }
  },
  {
    "model": "Quiz.question",
    "pk": 10,
    "fields": {
      "num": 10,
      "total": 18,
      "content": "10. Which of the subsequent is an online scam done by cyber-criminals where the user is convinced digitally to supply counselling?",
      "level": "Intermediate",
      "quiz": 1
    }
  },
  {
    "model": "Quiz.question",
    "pk": 11,
    "fields": {
      "num": 11,
      "total": 18,
      "content": "11. Which of the subsequent ethical hacking technique is employed for determining which package (OS) is running on a far-off computer?",
      "level": "Intermediate",
      "quiz": 1
    }
  },
  {
    "model": "Quiz.question",
    "pk": 12,
    "fields": {
      "num": 12,
      "total": 18,
      "content": "12. Which of the subsequent is NOT a vulnerability of the network layer?",
      "level": "Intermediate",
      "quiz": 1
    }
  },
  {
    "model": "Quiz.question",
    "pk": 13,
    "fields": {
      "num": 13,
      "total": 18,
      "content": "13. Which of the subsequent is an example of physical layer vulnerability?",
      "level": "Advanced",
      "quiz": 1
    }
  },
  {
    "model": "Quiz.question",
    "pk": 14,
    "fields": {
      "num": 14,
      "total": 18,
      "content": "14. Which of the subsequent is an example of data-link layer vulnerability?",
      "level": "Advanced",
      "quiz": 1
    }
  },
  {
    "model": "Quiz.question",
    "pk": 15,
    "fields": {
      "num": 15,
      "total": 18,
      "content": "15. Which of the subsequent is an example of network layer vulnerability?",
      "level": "Advanced",
      "quiz": 1
    }
  },
  {
    "model": "Quiz.question",
    "pk": 16,
    "fields": {
      "num": 16,
      "total": 18,
      "content": "16. ___________ is data-link layer vulnerability where stations are forced to create direct communication with another station by evading logical controls.",
      "level": "Advanced",
      "quiz": 1
    }
  },
  {
    "model": "Quiz.question",
    "pk": 18,
    "fields": {
      "num": 17,
      "total": 18,
      "content": "17. The complete type of OSI model is vital __________.",
      "level": "Advanced",
      "quiz": 1
    }
  },
  {
    "model": "Quiz.question",
    "pk": 19,
    "fields": {
      "num": 18,
      "total": 18,
      "content": "18. The __________ model is 7-layer architecture where each layer has some specific functionality to perform.",
      "level": "Advanced",
      "quiz": 1
    }
  },
  {
    "model": "Quiz.question",
    "pk": 23,
    "fields": {
      "num": 1,
      "total": 10,
      "content": "1. How many ports are there?",
      "level": "Advanced",
      "quiz": 2
    }
  },
  {
    "model": "Quiz.question",
    "pk": 24,
    "fields": {
      "num": 2,
      "total": 10,
      "content": "2. What is the status of port 80?",
      "level": "Advanced",
      "quiz": 2
    }
  },
  {
    "model": "Quiz.question",
    "pk": 25,
    "fields": {
      "num": 3,
      "total": 10,
      "content": "3. Which service runs on port 21?",
      "level": "Advanced",
      "quiz": 2
    }
  },
  {
    "model": "Quiz.question",
    "pk": 26,
    "fields": {
      "num": 4,
      "total": 10,
      "content": "4. Which port is secure?",
      "level": "Advanced",
      "quiz": 2
    }
  },
  {
    "model": "Quiz.question",
    "pk": 27,
    "fields": {
      "num": 5,
      "total": 10,
      "content": "5. Which ports should be open?",
      "level": "Advanced",
      "quiz": 2
    }
  },
  {
    "model": "Quiz.question",
    "pk": 28,
    "fields": {
      "num": 6,
      "total": 10,
      "content": "6. Which port should be closed?",
      "level": "Advanced",
      "quiz": 2
    }
  },
  {
    "model": "Quiz.question",
    "pk": 29,
    "fields": {
      "num": 7,
      "total": 10,
      "content": "7. What is the port number for Localhost?",
      "level": "Advanced",
      "quiz": 2
    }
  },
  {
    "model": "Quiz.question",
    "pk": 30,
    "fields": {
      "num": 8,
      "total": 10,
      "content": "8. Which ports are used for authentication and file sharing?",
      "level": "Advanced",
      "quiz": 2
    }
  },
  {
    "model": "Quiz.question",
    "pk": 31,
    "fields": {
      "num": 9,
      "total": 10,
      "content": "9. Which port is used for web server?",
      "level": "Advanced",
      "quiz": 2
    }
  },
  {
    "model": "Quiz.question",
    "pk": 32,
    "fields": {
      "num": 10,
      "total": 10,
      "content": "10. Which is the first port to be opened?",
      "level": "Advanced",
      "quiz": 2
    }
  },
  {
    "model": "Quiz.answer",
    "pk": 1,
    "fields": {
      "content": "Cyber Security requires security against cyber-terrorists",
      "is_correct": false,
      "question": 1
    }
  },
  {
    "model": "Quiz.answer",
    "pk": 2,
    "fields": {
      "content": "Cyber Security supports security against malware",
      "is_correct": false,
      "question": 1
    }
  },
  {
    "model": "Quiz.answer",
    "pk": 3,
    "fields": {
      "content": "Cyber Security protects a system from cyberattacks",
      "is_correct": false,
      "question": 1
    }
  },
  {
    "model": "Quiz.answer",
    "pk": 4,
    "fields": {
      "content": "All of the above",
      "is_correct": true,
      "question": 1
    }
  },
  {
    "model": "Quiz.answer",
    "pk": 5,
    "fields": {
      "content": "August Kerckhoffs",
      "is_correct": true,
      "question": 2
    }
  },
  {
    "model": "Quiz.answer",
    "pk": 6,
    "fields": {
      "content": "Bob Thomas",
      "is_correct": false,
      "question": 2
    }
  },
  {
    "model": "Quiz.answer",
    "pk": 7,
    "fields": {
      "content": "Robert Menzies",
      "is_correct": false,
      "question": 2
    }
  },
  {
    "model": "Quiz.answer",
    "pk": 8,
    "fields": {
      "content": "Charles Manson",
      "is_correct": false,
      "question": 2
    }
  },
  {
    "model": "Quiz.answer",
    "pk": 9,
    "fields": {
      "content": "Cloud Security",
      "is_correct": false,
      "question": 3
    }
  },
  {
    "model": "Quiz.answer",
    "pk": 10,
    "fields": {
      "content": "Network Security",
      "is_correct": false,
      "question": 3
    }
  },
  {
    "model": "Quiz.answer",
    "pk": 11,
    "fields": {
      "content": "Application Security",
      "is_correct": true,
      "question": 3
    }
  },
  {
    "model": "Quiz.answer",
    "pk": 12,
    "fields": {
      "content": "All of the above",
      "is_correct": false,
      "question": 3
    }
  },
  {
    "model": "Quiz.answer",
    "pk": 13,
    "fields": {
      "content": "Confidentiality",
      "is_correct": false,
      "question": 4
    }
  },
  {
    "model": "Quiz.answer",
    "pk": 14,
    "fields": {
      "content": "Integrity",
      "is_correct": false,
      "question": 4
    }
  },
  {
    "model": "Quiz.answer",
    "pk": 15,
    "fields": {
      "content": "Availability",
      "is_correct": false,
      "question": 4
    }
  },
  {
    "model": "Quiz.answer",
    "pk": 16,
    "fields": {
      "content": "All of the above",
      "is_correct": true,
      "question": 4
    }
  },
  {
    "model": "Quiz.answer",
    "pk": 17,
    "fields": {
      "content": "Internet Of Things",
      "is_correct": true,
      "question": 5
    }
  },
  {
    "model": "Quiz.answer",
    "pk": 18,
    "fields": {
      "content": "AI",
      "is_correct": false,
      "question": 5
    }
  },
  {
    "model": "Quiz.answer",
    "pk": 19,
    "fields": {
      "content": "Database",
      "is_correct": false,
      "question": 5
    }
  },
  {
    "model": "Quiz.answer",
    "pk": 20,
    "fields": {
      "content": "Cyber attacks",
      "is_correct": false,
      "question": 5
    }
  },
  {
    "model": "Quiz.answer",
    "pk": 21,
    "fields": {
      "content": "Phishing",
      "is_correct": false,
      "question": 6
    }
  },
  {
    "model": "Quiz.answer",
    "pk": 22,
    "fields": {
      "content": "SQL Injections",
      "is_correct": false,
      "question": 6
    }
  },
  {
    "model": "Quiz.answer",
    "pk": 23,
    "fields": {
      "content": "Password Attack",
      "is_correct": false,
      "question": 6
    }
  },
  {
    "model": "Quiz.answer",
    "pk": 24,
    "fields": {
      "content": "All of the above",
      "is_correct": true,
      "question": 6
    }
  },
  {
    "model": "Quiz.answer",
    "pk": 25,
    "fields": {
      "content": "Pharming",
      "is_correct": true,
      "question": 7
    }
  },
  {
    "model": "Quiz.answer",
    "pk": 26,
    "fields": {
      "content": "Website-Duplication",
      "is_correct": false,
      "question": 7
    }
  },
  {
    "model": "Quiz.answer",
    "pk": 27,
    "fields": {
      "content": "Mimicking",
      "is_correct": false,
      "question": 7
    }
  },
  {
    "model": "Quiz.answer",
    "pk": 28,
    "fields": {
      "content": "Spamming",
      "is_correct": false,
      "question": 7
    }
  },
  {
    "model": "Quiz.answer",
    "pk": 29,
    "fields": {
      "content": "Clickjacking",
      "is_correct": false,
      "question": 8
    }
  },
  {
    "model": "Quiz.answer",
    "pk": 30,
    "fields": {
      "content": "Buffer-overflow",
      "is_correct": true,
      "question": 8
    }
  },
  {
    "model": "Quiz.answer",
    "pk": 31,
    "fields": {
      "content": "Phishing",
      "is_correct": false,
      "question": 8
    }
  },
  {
    "model": "Quiz.answer",
    "pk": 32,
    "fields": {
      "content": "MITM",
      "is_correct": false,
      "question": 8
    }
  },
  {
    "model": "Quiz.answer",
    "pk": 33,
    "fields": {
      "content": "Digital crime",
      "is_correct": false,
      "question": 9
    }
  },
  {
    "model": "Quiz.answer",
    "pk": 34,
    "fields": {
      "content": "Threats",
      "is_correct": false,
      "question": 9
    }
  },
  {
    "model": "Quiz.answer",
    "pk": 35,
    "fields": {
      "content": "System hijacking",
      "is_correct": false,
      "question": 9
    }
  },
  {
    "model": "Quiz.answer",
    "pk": 36,
    "fields": {
      "content": "Cyberattack",
      "is_correct": true,
      "question": 9
    }
  },
  {
    "model": "Quiz.answer",
    "pk": 37,
    "fields": {
      "content": "MITM attack",
      "is_correct": false,
      "question": 10
    }
  },
  {
    "model": "Quiz.answer",
    "pk": 38,
    "fields": {
      "content": "Phishing attack",
      "is_correct": true,
      "question": 10
    }
  },
  {
    "model": "Quiz.answer",
    "pk": 39,
    "fields": {
      "content": "Website attack",
      "is_correct": false,
      "question": 10
    }
  },
  {
    "model": "Quiz.answer",
    "pk": 40,
    "fields": {
      "content": "DoS attack",
      "is_correct": false,
      "question": 10
    }
  },
  {
    "model": "Quiz.answer",
    "pk": 41,
    "fields": {
      "content": "Software System Fingerprinting",
      "is_correct": true,
      "question": 11
    }
  },
  {
    "model": "Quiz.answer",
    "pk": 42,
    "fields": {
      "content": "Software Package Penetration Testing",
      "is_correct": false,
      "question": 11
    }
  },
  {
    "model": "Quiz.answer",
    "pk": 43,
    "fields": {
      "content": "Digital Printing",
      "is_correct": false,
      "question": 11
    }
  },
  {
    "model": "Quiz.answer",
    "pk": 44,
    "fields": {
      "content": "Machine Printing",
      "is_correct": false,
      "question": 11
    }
  },
  {
    "model": "Quiz.answer",
    "pk": 45,
    "fields": {
      "content": "Route Spoofing",
      "is_correct": false,
      "question": 12
    }
  },
  {
    "model": "Quiz.answer",
    "pk": 46,
    "fields": {
      "content": "Identity & Resource ID Vulnerability",
      "is_correct": false,
      "question": 12
    }
  },
  {
    "model": "Quiz.answer",
    "pk": 47,
    "fields": {
      "content": "IP Address Spoofing",
      "is_correct": false,
      "question": 12
    }
  },
  {
    "model": "Quiz.answer",
    "pk": 48,
    "fields": {
      "content": "Weak or Non-existent Authentication",
      "is_correct": true,
      "question": 12
    }
  },
  {
    "model": "Quiz.answer",
    "pk": 49,
    "fields": {
      "content": "MAC Address Spoofing",
      "is_correct": false,
      "question": 13
    }
  },
  {
    "model": "Quiz.answer",
    "pk": 50,
    "fields": {
      "content": "Physical Theft of Information",
      "is_correct": true,
      "question": 13
    }
  },
  {
    "model": "Quiz.answer",
    "pk": 51,
    "fields": {
      "content": "Route spoofing",
      "is_correct": false,
      "question": 13
    }
  },
  {
    "model": "Quiz.answer",
    "pk": 52,
    "fields": {
      "content": "Weak or Non-existent Authentication",
      "is_correct": false,
      "question": 13
    }
  },
  {
    "model": "Quiz.answer",
    "pk": 53,
    "fields": {
      "content": "MAC Address Spoofing",
      "is_correct": true,
      "question": 14
    }
  },
  {
    "model": "Quiz.answer",
    "pk": 54,
    "fields": {
      "content": "Physical Theft of Information",
      "is_correct": false,
      "question": 14
    }
  },
  {
    "model": "Quiz.answer",
    "pk": 55,
    "fields": {
      "content": "Route Spoofing",
      "is_correct": false,
      "question": 14
    }
  },
  {
    "model": "Quiz.answer",
    "pk": 56,
    "fields": {
      "content": "Weak or Non-existent Authentication",
      "is_correct": false,
      "question": 14
    }
  },
  {
    "model": "Quiz.answer",
    "pk": 57,
    "fields": {
      "content": "MAC Address Spoofing",
      "is_correct": false,
      "question": 15
    }
  },
  {
    "model": "Quiz.answer",
    "pk": 58,
    "fields": {
      "content": "Physical Theft of Information",
      "is_correct": false,
      "question": 15
    }
  },
  {
    "model": "Quiz.answer",
    "pk": 59,
    "fields": {
      "content": "Route Spoofing",
      "is_correct": true,
      "question": 15
    }
  },
  {
    "model": "Quiz.answer",
    "pk": 60,
    "fields": {
      "content": "Weak or Non-existent Authentication",
      "is_correct": false,
      "question": 15
    }
  },
  {
    "model": "Quiz.answer",
    "pk": 61,
    "fields": {
      "content": "VLAN Attack",
      "is_correct": false,
      "question": 16
    }
  },
  {
    "model": "Quiz.answer",
    "pk": 62,
    "fields": {
      "content": "VLAN Circumvention",
      "is_correct": true,
      "question": 16
    }
  },
  {
    "model": "Quiz.answer",
    "pk": 63,
    "fields": {
      "content": "VLAN Compromission Method",
      "is_correct": false,
      "question": 16
    }
  },
  {
    "model": "Quiz.answer",
    "pk": 64,
    "fields": {
      "content": "Data-link Evading",
      "is_correct": false,
      "question": 16
    }
  },
  {
    "model": "Quiz.answer",
    "pk": 69,
    "fields": {
      "content": "Open Systems Interconnection",
      "is_correct": true,
      "question": 18
    }
  },
  {
    "model": "Quiz.answer",
    "pk": 70,
    "fields": {
      "content": "Open Software Interconnection",
      "is_correct": false,
      "question": 18
    }
  },
  {
    "model": "Quiz.answer",
    "pk": 71,
    "fields": {
      "content": "Open Systems Internet",
      "is_correct": false,
      "question": 18
    }
  },
  {
    "model": "Quiz.answer",
    "pk": 72,
    "fields": {
      "content": "Open Software Internet",
      "is_correct": false,
      "question": 18
    }
  },
  {
    "model": "Quiz.answer",
    "pk": 73,
    "fields": {
      "content": "TCP/IP",
      "is_correct": false,
      "question": 19
    }
  },
  {
    "model": "Quiz.answer",
    "pk": 74,
    "fields": {
      "content": "Cloud",
      "is_correct": false,
      "question": 19
    }
  },
  {
    "model": "Quiz.answer",
    "pk": 75,
    "fields": {
      "content": "OSI",
      "is_correct": true,
      "question": 19
    }
  },
  {
    "model": "Quiz.answer",
    "pk": 76,
    "fields": {
      "content": "OIS",
      "is_correct": false,
      "question": 19
    }
  },
  {
    "model": "Quiz.answer",
    "pk": 89,
    "fields": {
      "content": "65545",
      "is_correct": false,
      "question": 23
    }
  },
  {
    "model": "Quiz.answer",
    "pk": 90,
    "fields": {
      "content": "65533",
      "is_correct": false,
      "question": 23
    }
  },
  {
    "model": "Quiz.answer",
    "pk": 91,
    "fields": {
      "content": "65535",
      "is_correct": true,
      "question": 23
    }
  },
  {
    "model": "Quiz.answer",
    "pk": 92,
    "fields": {
      "content": "65935",
      "is_correct": false,
      "question": 23
    }
  },
  {
    "model": "Quiz.answer",
    "pk": 93,
    "fields": {
      "content": "Closed",
      "is_correct": false,
      "question": 24
    }
  },
  {
    "model": "Quiz.answer",
    "pk": 94,
    "fields": {
      "content": "Open",
      "is_correct": true,
      "question": 24
    }
  },
  {
    "model": "Quiz.answer",
    "pk": 95,
    "fields": {
      "content": "Filtered",
      "is_correct": false,
      "question": 24
    }
  },
  {
    "model": "Quiz.answer",
    "pk": 96,
    "fields": {
      "content": "Unfiltered",
      "is_correct": false,
      "question": 24
    }
  },
  {
    "model": "Quiz.answer",
    "pk": 97,
    "fields": {
      "content": "SSH",
      "is_correct": false,
      "question": 25
    }
  },
  {
    "model": "Quiz.answer",
    "pk": 98,
    "fields": {
      "content": "FTP (File Transfer Protocol)",
      "is_correct": true,
      "question": 25
    }
  },
  {
    "model": "Quiz.answer",
    "pk": 99,
    "fields": {
      "content": "Talent Protocol",
      "is_correct": false,
      "question": 25
    }
  },
  {
    "model": "Quiz.answer",
    "pk": 100,
    "fields": {
      "content": "None of them",
      "is_correct": false,
      "question": 25
    }
  },
  {
    "model": "Quiz.answer",
    "pk": 101,
    "fields": {
      "content": "21",
      "is_correct": false,
      "question": 26
    }
  },
  {
    "model": "Quiz.answer",
    "pk": 102,
    "fields": {
      "content": "22",
      "is_correct": true,
      "question": 26
    }
  },
  {
    "model": "Quiz.answer",
    "pk": 103,
    "fields": {
      "content": "24",
      "is_correct": false,
      "question": 26
    }
  },
  {
    "model": "Quiz.answer",
    "pk": 104,
    "fields": {
      "content": "66",
      "is_correct": false,
      "question": 26
    }
  },
  {
    "model": "Quiz.answer",
    "pk": 105,
    "fields": {
      "content": "135",
      "is_correct": false,
      "question": 27
    }
  },
  {
    "model": "Quiz.answer",
    "pk": 106,
    "fields": {
      "content": "67",
      "is_correct": false,
      "question": 27
    }
  },
  {
    "model": "Quiz.answer",
    "pk": 107,
    "fields": {
      "content": "17",
      "is_correct": false,
      "question": 27
    }
  },
  {
    "model": "Quiz.answer",
    "pk": 108,
    "fields": {
      "content": "67 & 17",
      "is_correct": true,
      "question": 27
    }
  },
  {
    "model": "Quiz.answer",
    "pk": 109,
    "fields": {
      "content": "445",
      "is_correct": true,
      "question": 28
    }
  },
  {
    "model": "Quiz.answer",
    "pk": 110,
    "fields": {
      "content": "24",
      "is_correct": false,
      "question": 28
    }
  },
  {
    "model": "Quiz.answer",
    "pk": 111,
    "fields": {
      "content": "23",
      "is_correct": false,
      "question": 28
    }
  },
  {
    "model": "Quiz.answer",
    "pk": 112,
    "fields": {
      "content": "None of them",
      "is_correct": false,
      "question": 28
    }
  },
  {
    "model": "Quiz.answer",
    "pk": 113,
    "fields": {
      "content": "443 port",
      "is_correct": false,
      "question": 29
    }
  },
  {
    "model": "Quiz.answer",
    "pk": 114,
    "fields": {
      "content": "135 port",
      "is_correct": false,
      "question": 29
    }
  },
  {
    "model": "Quiz.answer",
    "pk": 115,
    "fields": {
      "content": "80 port",
      "is_correct": true,
      "question": 29
    }
  },
  {
    "model": "Quiz.answer",
    "pk": 116,
    "fields": {
      "content": "None of them",
      "is_correct": false,
      "question": 29
    }
  },
  {
    "model": "Quiz.answer",
    "pk": 117,
    "fields": {
      "content": "139 & 445",
      "is_correct": true,
      "question": 30
    }
  },
  {
    "model": "Quiz.answer",
    "pk": 118,
    "fields": {
      "content": "8888 & 8080",
      "is_correct": false,
      "question": 30
    }
  },
  {
    "model": "Quiz.answer",
    "pk": 119,
    "fields": {
      "content": "135 & 443",
      "is_correct": false,
      "question": 30
    }
  },
  {
    "model": "Quiz.answer",
    "pk": 120,
    "fields": {
      "content": "All the above",
      "is_correct": false,
      "question": 30
    }
  },
  {
    "model": "Quiz.answer",
    "pk": 121,
    "fields": {
      "content": "21",
      "is_correct": false,
      "question": 31
    }
  },
  {
    "model": "Quiz.answer",
    "pk": 122,
    "fields": {
      "content": "5011",
      "is_correct": false,
      "question": 31
    }
  },
  {
    "model": "Quiz.answer",
    "pk": 123,
    "fields": {
      "content": "4448",
      "is_correct": false,
      "question": 31
    }
  },
  {
    "model": "Quiz.answer",
    "pk": 124,
    "fields": {
      "content": "8080",
      "is_correct": true,
      "question": 31
    }
  },
  {
    "model": "Quiz.answer",
    "pk": 125,
    "fields": {
      "content": "22 & 234",
      "is_correct": true,
      "question": 32
    }
  },
  {
    "model": "Quiz.answer",
    "pk": 126,
    "fields": {
      "content": "67 & 17",
      "is_correct": false,
      "question": 32
    }
  },
  {
    "model": "Quiz.answer",
    "pk": 127,
    "fields": {
      "content": "56 & 135",
      "is_correct": false,
      "question": 32
    }
  },
  {
    "model": "Quiz.answer",
    "pk": 128,
    "fields": {
      "content": "None of them",
      "is_correct": false,
      "question": 32
    }
  }
]
